id_kel,nama_provinsi,nama_kota,nama_kecamatan,nama_kelurahan,suspek,perawatan_rs,isolasi_di_rumah,suspek_meninggal,selesai_isolasi,probable,perawatan_rs,isolasi_di_rumah,probable_meninggal,selesai_isolasi,pelaku_perjalanan,perawatan_rs,isolasi_di_rumah,selesai_isolasi,kontak_erat,isolasi_di_rumah,selesai_isolasi,discarded,isolasi_di_rumah,meninggal,selesai_isolasi,positif,dirawat,sembuh,meninggal,self_isolation,keterangan
3172051003,DKI JAKARTA,JAKARTA UTARA,PADEMANGAN,ANCOL,618,2,58,0,558,4,0,0,0,4,16,0,3,13,844,72,772,10,0,0,10,385,4,359,4,18,
3173041007,DKI JAKARTA,JAKARTA BARAT,TAMBORA,ANGKE,628,5,38,2,583,3,0,0,1,2,1,0,0,1,605,18,587,27,0,0,27,227,0,213,4,10,
3175041005,DKI JAKARTA,JAKARTA TIMUR,KRAMAT JATI,BALE KAMBANG,422,1,51,1,369,7,0,0,0,7,5,0,0,5,760,65,695,25,0,0,25,240,5,215,3,17,
3175031003,DKI JAKARTA,JAKARTA TIMUR,JATINEGARA,BALI MESTER,156,1,9,1,145,2,0,0,0,2,1,0,0,1,311,83,228,7,0,0,7,211,2,200,3,6,
3175101006,DKI JAKARTA,JAKARTA TIMUR,CIPAYUNG,BAMBU APUS,789,2,35,1,751,0,0,0,0,0,5,0,0,5,1099,102,997,20,0,0,20,253,12,223,3,15,
3174031002,DKI JAKARTA,JAKARTA SELATAN,MAMPANG PRAPATAN,BANGKA,460,5,51,2,402,5,0,0,1,4,18,0,0,18,1009,122,887,8,0,0,8,263,4,239,2,18,
3175051002,DKI JAKARTA,JAKARTA TIMUR,PASAR REBO,BARU,583,2,69,1,511,0,0,0,0,0,5,0,0,5,520,41,479,19,0,0,19,268,9,235,2,22,
3175041004,DKI JAKARTA,JAKARTA TIMUR,KRAMAT JATI,BATU AMPAR,742,4,85,1,652,4,1,0,0,3,4,0,0,4,1495,159,1336,29,0,0,29,404,8,350,6,40,
3171071002,DKI JAKARTA,JAKARTA PUSAT,TANAH ABANG,BENDUNGAN HILIR,571,4,31,0,536,2,0,0,0,2,4,0,0,4,1059,85,974,11,0,0,11,375,11,316,10,38,
3175031002,DKI JAKARTA,JAKARTA TIMUR,JATINEGARA,BIDARA CINA,547,7,47,3,490,1,0,0,0,1,8,0,0,8,850,126,724,40,0,0,40,420,12,369,11,28,
3174101002,DKI JAKARTA,JAKARTA SELATAN,PESANGGRAHAN,BINTARO,1038,4,120,2,912,5,0,0,0,5,9,0,0,9,1989,209,1780,28,0,0,28,530,9,460,11,50,
3174011005,DKI JAKARTA,JAKARTA SELATAN,TEBET,BUKIT DURI,520,3,25,3,489,2,0,0,0,2,15,0,0,15,812,79,733,17,0,0,17,297,8,262,8,19,
3171041006,DKI JAKARTA,JAKARTA PUSAT,SENEN,BUNGUR,310,3,10,2,295,2,1,0,0,1,13,0,0,13,728,58,670,18,0,0,18,237,2,222,6,7,
3175061007,DKI JAKARTA,JAKARTA TIMUR,CAKUNG,CAKUNG BARAT,585,1,135,1,448,3,0,0,0,3,0,0,0,0,1011,122,889,57,0,0,57,450,2,411,7,30,
3175061004,DKI JAKARTA,JAKARTA TIMUR,CAKUNG,CAKUNG TIMUR,607,4,61,2,540,3,0,0,1,2,6,0,0,6,1154,138,1016,52,0,0,52,392,2,348,9,33,
3175041007,DKI JAKARTA,JAKARTA TIMUR,KRAMAT JATI,CAWANG,547,4,58,0,485,1,0,0,0,1,6,0,0,6,1334,146,1188,22,0,0,22,438,14,392,7,25,
3175101008,DKI JAKARTA,JAKARTA TIMUR,CIPAYUNG,CEGER,446,4,21,0,421,0,0,0,0,0,1,0,0,1,718,53,665,10,0,0,10,179,5,152,3,19,
3171031006,DKI JAKARTA,JAKARTA PUSAT,KEMAYORAN,CEMPAKA BARU,855,5,55,2,793,1,0,0,0,1,7,0,0,7,1299,75,1224,39,0,0,39,538,5,494,18,21,
3171051002,DKI JAKARTA,JAKARTA PUSAT,CEMPAKA PUTIH,CEMPAKA PUTIH BARAT,1276,6,124,2,1144,10,2,0,0,8,23,0,0,23,2410,132,2278,52,0,0,52,781,3,732,16,30,
3171051001,DKI JAKARTA,JAKARTA PUSAT,CEMPAKA PUTIH,CEMPAKA PUTIH TIMUR,1010,26,114,1,869,1,0,0,0,1,13,0,1,12,1949,167,1782,61,0,0,61,436,4,404,6,22,
3173011001,DKI JAKARTA,JAKARTA BARAT,CENGKARENG,CENGKARENG BARAT,1498,7,333,1,1157,1,0,0,0,1,6,0,0,6,2313,177,2136,14,0,0,14,664,8,611,14,31,
3173011006,DKI JAKARTA,JAKARTA BARAT,CENGKARENG,CENGKARENG TIMUR,1280,4,97,7,1172,2,0,0,0,2,4,0,0,4,2517,177,2340,20,0,0,20,918,16,821,18,63,
3175091002,DKI JAKARTA,JAKARTA TIMUR,CIRACAS,CIBUBUR,1277,3,127,4,1143,1,0,0,0,1,31,0,1,30,2348,86,2262,97,0,0,97,506,12,448,10,36,
3171011002,DKI JAKARTA,JAKARTA PUSAT,GAMBIR,CIDENG,395,1,24,2,368,0,0,0,0,0,14,0,0,14,820,69,751,14,0,0,14,251,3,229,8,11,
3174091003,DKI JAKARTA,JAKARTA SELATAN,JAGAKARSA,CIGANJUR,982,4,70,1,907,2,0,0,0,2,12,0,0,12,1087,130,957,16,0,0,16,304,4,269,4,27,
3175051003,DKI JAKARTA,JAKARTA TIMUR,PASAR REBO,CIJANTUNG,1092,6,86,3,997,0,0,0,0,0,8,0,0,8,740,50,690,13,0,0,13,422,6,378,11,27,
3171061003,DKI JAKARTA,JAKARTA PUSAT,MENTENG,CIKINI,206,2,7,0,197,2,0,0,0,2,2,0,0,2,348,80,268,11,0,0,11,100,3,93,2,2,
3174081006,DKI JAKARTA,JAKARTA SELATAN,PANCORAN,CIKOKO,273,1,36,0,236,1,0,0,0,1,10,0,0,10,394,34,360,1,0,0,1,123,4,97,3,19,
3174061001,DKI JAKARTA,JAKARTA SELATAN,CILANDAK,CILANDAK BARAT,2082,8,266,5,1803,3,0,0,0,3,100,0,0,100,2553,266,2287,42,0,0,42,675,9,579,11,76,
3174041003,DKI JAKARTA,JAKARTA SELATAN,PASAR MINGGU,CILANDAK TIMUR,697,0,93,1,603,5,0,0,0,5,17,0,0,17,671,56,615,88,0,0,88,353,15,309,8,21,
3175101002,DKI JAKARTA,JAKARTA TIMUR,CIPAYUNG,CILANGKAP,580,5,45,1,529,1,0,0,0,1,4,0,0,4,1045,117,928,22,0,0,22,247,11,213,3,20,
3175041006,DKI JAKARTA,JAKARTA TIMUR,KRAMAT JATI,CILILITAN,475,1,46,1,427,2,1,0,0,1,7,0,0,7,1241,135,1106,49,0,0,49,441,8,387,8,38,
3172041001,DKI JAKARTA,JAKARTA UTARA,CILINCING,CILINCING,836,14,68,1,753,3,1,0,0,2,8,0,1,7,1404,49,1355,111,0,0,111,496,5,445,13,33,
3175101001,DKI JAKARTA,JAKARTA TIMUR,CIPAYUNG,CIPAYUNG,925,10,57,2,856,3,0,0,1,2,8,0,0,8,1119,124,995,40,0,0,40,296,6,271,5,14,
3174091006,DKI JAKARTA,JAKARTA SELATAN,JAGAKARSA,CIPEDAK,767,2,41,0,724,5,0,0,0,5,1,0,0,1,1139,85,1054,9,0,0,9,381,9,337,3,32,
3174061005,DKI JAKARTA,JAKARTA SELATAN,CILANDAK,CIPETE SELATAN,487,3,43,1,440,2,0,0,0,2,46,0,0,46,846,108,738,7,0,0,7,247,5,181,8,53,
3174071010,DKI JAKARTA,JAKARTA SELATAN,KEBAYORAN BARU,CIPETE UTARA,971,4,136,3,828,0,0,0,0,0,10,0,0,10,803,72,731,6,0,0,6,263,0,236,4,23,
3175021003,DKI JAKARTA,JAKARTA TIMUR,PULO GADUNG,CIPINANG,477,4,40,2,431,1,0,0,0,1,3,0,0,3,1340,135,1205,48,0,0,48,505,23,429,16,37,
3175031007,DKI JAKARTA,JAKARTA TIMUR,JATINEGARA,CIPINANG BESAR SELATAN,416,3,33,2,378,3,0,0,0,3,3,0,0,3,861,104,757,19,0,0,19,366,12,311,3,40,
3175031008,DKI JAKARTA,JAKARTA TIMUR,JATINEGARA,CIPINANG BESAR UTARA,557,0,23,0,534,2,0,0,0,2,3,0,0,3,1249,93,1156,25,0,0,25,499,6,455,7,31,
3175031005,DKI JAKARTA,JAKARTA TIMUR,JATINEGARA,CIPINANG CEMPEDAK,404,5,32,2,365,1,0,0,0,1,8,0,0,8,804,94,710,25,0,0,25,307,8,263,9,27,
3175081005,DKI JAKARTA,JAKARTA TIMUR,MAKASAR,CIPINANG MELAYU,589,4,23,2,560,5,1,0,0,4,5,0,0,5,1072,113,959,21,0,0,21,367,10,331,8,18,
3175031006,DKI JAKARTA,JAKARTA TIMUR,JATINEGARA,CIPINANG MUARA,659,7,60,1,591,5,0,0,0,5,11,0,0,11,1480,224,1256,34,0,0,34,600,8,556,7,29,
3174051003,DKI JAKARTA,JAKARTA SELATAN,KEBAYORAN LAMA,CIPULIR,507,5,46,4,452,6,0,0,0,6,6,0,0,6,731,79,652,11,0,0,11,358,7,310,5,36,
3175091001,DKI JAKARTA,JAKARTA TIMUR,CIRACAS,CIRACAS,1505,8,173,9,1315,4,0,0,0,4,35,0,0,35,2141,65,2076,47,0,0,47,671,18,599,17,37,
3175041003,DKI JAKARTA,JAKARTA TIMUR,KRAMAT JATI,DUKUH,449,0,31,1,417,1,1,0,0,0,1,0,0,1,1044,83,961,16,0,0,16,256,6,225,5,20,
3175071001,DKI JAKARTA,JAKARTA TIMUR,DUREN SAWIT,DUREN SAWIT,1159,8,83,3,1065,18,0,0,0,18,5,0,0,5,1666,173,1493,38,0,0,38,745,5,688,16,36,
3174081004,DKI JAKARTA,JAKARTA SELATAN,PANCORAN,DUREN TIGA,620,2,22,0,596,2,0,0,0,2,6,0,0,6,933,76,857,4,0,0,4,280,5,255,2,18,
3173051005,DKI JAKARTA,JAKARTA BARAT,KEBON JERUK,DURI KEPA,893,9,92,2,790,4,0,0,0,4,12,0,0,12,1717,113,1604,75,0,0,75,586,17,521,15,33,
3173011002,DKI JAKARTA,JAKARTA BARAT,CENGKARENG,DURI KOSAMBI,1001,4,88,3,906,1,0,0,0,1,4,0,0,4,1580,98,1482,14,0,0,14,637,7,580,8,42,
3171011006,DKI JAKARTA,JAKARTA PUSAT,GAMBIR,DURI PULO,268,2,17,3,246,0,0,0,0,0,1,0,0,1,661,49,612,7,0,0,7,246,1,216,10,19,
3173041011,DKI JAKARTA,JAKARTA BARAT,TAMBORA,DURI SELATAN,249,2,15,1,231,0,0,0,0,0,2,0,0,2,237,13,224,4,0,0,4,99,1,93,3,2,
3173041003,DKI JAKARTA,JAKARTA BARAT,TAMBORA,DURI UTARA,285,2,13,2,268,1,0,0,0,1,2,0,0,2,312,22,290,5,0,0,5,168,0,156,5,7,
3171081003,DKI JAKARTA,JAKARTA PUSAT,JOHAR BARU,GALUR,277,2,6,0,269,4,0,0,0,4,3,0,0,3,644,38,606,52,0,0,52,242,2,210,10,20,
3171011001,DKI JAKARTA,JAKARTA PUSAT,GAMBIR,GAMBIR,199,0,12,0,187,1,0,0,0,1,17,0,0,17,647,82,565,6,0,0,6,242,2,217,1,22,
3174061004,DKI JAKARTA,JAKARTA SELATAN,CILANDAK,GANDARIA SELATAN,329,5,23,0,301,2,0,0,0,2,20,0,0,20,917,39,878,4,0,0,4,230,7,193,6,24,
3174071009,DKI JAKARTA,JAKARTA SELATAN,KEBAYORAN BARU,GANDARIA UTARA,979,5,118,2,854,0,0,0,0,0,3,0,0,3,893,49,844,8,0,0,8,336,5,291,7,33,
3175051001,DKI JAKARTA,JAKARTA TIMUR,PASAR REBO,GEDONG,1027,3,98,0,926,0,0,0,0,0,5,0,0,5,716,70,646,26,0,0,26,383,7,345,5,26,
3171071001,DKI JAKARTA,JAKARTA PUSAT,TANAH ABANG,GELORA,111,0,8,1,102,0,0,0,0,0,6,0,0,6,408,18,390,0,0,0,0,126,0,121,2,3,
3173031007,DKI JAKARTA,JAKARTA BARAT,TAMAN SARI,GLODOK,148,0,7,0,141,0,0,0,0,0,1,0,0,1,279,35,244,1,0,0,1,56,2,49,3,2,
3171061004,DKI JAKARTA,JAKARTA PUSAT,MENTENG,GONDANGDIA,115,2,8,1,104,0,0,0,0,0,13,0,0,13,272,11,261,7,0,0,7,83,2,68,3,10,
3173021001,DKI JAKARTA,JAKARTA BARAT,GROGOL PETAMBURAN,GROGOL,724,4,57,4,659,1,0,0,0,1,45,0,0,45,1391,135,1256,38,0,0,38,344,7,313,2,22,
3174051005,DKI JAKARTA,JAKARTA SELATAN,KEBAYORAN LAMA,GROGOL SELATAN,645,3,54,5,583,0,0,0,0,0,13,0,1,12,899,76,823,14,0,0,14,426,7,379,8,32,
3174051004,DKI JAKARTA,JAKARTA SELATAN,KEBAYORAN LAMA,GROGOL UTARA,659,7,42,4,606,0,0,0,0,0,26,0,0,26,910,64,846,19,0,0,19,496,9,445,15,27,
3174021007,DKI JAKARTA,JAKARTA SELATAN,SETIA BUDI,GUNTUR,87,0,6,0,81,0,0,0,0,0,1,0,0,1,352,75,277,1,0,0,1,67,1,63,1,2,
3174071002,DKI JAKARTA,JAKARTA SELATAN,KEBAYORAN BARU,GUNUNG,389,2,28,3,356,0,0,0,0,0,7,0,0,7,1248,29,1219,0,0,0,0,188,1,180,4,3,
3171031005,DKI JAKARTA,JAKARTA PUSAT,KEMAYORAN,GUNUNG SAHARI SELATAN,442,1,56,1,384,0,0,0,0,0,5,0,0,5,990,85,905,2,0,0,2,246,7,222,7,10,
3171021004,DKI JAKARTA,JAKARTA PUSAT,SAWAH BESAR,GUNUNG SAHARI UTARA,362,2,22,1,337,2,0,0,0,2,7,0,0,7,768,112,656,12,0,0,12,224,2,200,11,11,
3175081004,DKI JAKARTA,JAKARTA TIMUR,MAKASAR,HALIM PERDANA KUSUMAH,398,0,17,2,379,0,0,0,0,0,7,0,0,7,1720,687,1033,10,0,0,10,627,22,579,7,19,
3171031003,DKI JAKARTA,JAKARTA PUSAT,KEMAYORAN,HARAPAN MULIA,486,3,35,3,445,1,0,0,0,1,6,0,0,6,740,62,678,35,0,0,35,318,1,291,9,17,
3174091001,DKI JAKARTA,JAKARTA SELATAN,JAGAKARSA,JAGAKARSA,1369,14,83,2,1270,8,0,0,0,8,8,0,0,8,1731,220,1511,22,0,0,22,602,19,526,9,48,
3175021007,DKI JAKARTA,JAKARTA TIMUR,PULO GADUNG,JATI,492,2,22,1,467,0,0,0,0,0,9,0,0,9,1277,98,1179,45,0,0,45,360,8,327,8,17,
3174041002,DKI JAKARTA,JAKARTA SELATAN,PASAR MINGGU,JATI PADANG,858,8,110,2,738,1,0,0,0,1,4,0,0,4,1030,113,917,73,0,0,73,369,16,307,6,40,
3173071004,DKI JAKARTA,JAKARTA BARAT,PALMERAH,JATI PULO,739,0,52,4,683,2,0,0,0,2,9,0,0,9,1044,108,936,66,0,0,66,397,6,362,11,18,
3175061001,DKI JAKARTA,JAKARTA TIMUR,CAKUNG,JATINEGARA,1147,5,155,3,984,1,0,0,0,1,4,0,0,4,2166,212,1954,54,0,0,54,791,13,733,12,33,
3175021004,DKI JAKARTA,JAKARTA TIMUR,PULO GADUNG,JATINEGARA KAUM,200,3,18,0,179,1,0,0,1,0,4,0,0,4,597,79,518,12,0,0,12,191,11,157,8,15,
3173021004,DKI JAKARTA,JAKARTA BARAT,GROGOL PETAMBURAN,JELAMBAR,653,1,55,5,592,2,0,0,0,2,28,0,0,28,1228,162,1066,16,0,0,16,400,16,341,9,34,
3173021006,DKI JAKARTA,JAKARTA BARAT,GROGOL PETAMBURAN,JELAMBAR BARU,534,1,42,2,489,2,0,0,0,2,4,0,0,4,933,91,842,23,0,0,23,306,5,275,8,18,
3173041006,DKI JAKARTA,JAKARTA BARAT,TAMBORA,JEMBATAN BESI,649,0,25,1,623,1,0,0,0,1,6,0,0,6,627,37,590,13,0,0,13,307,2,286,8,11,
3173041008,DKI JAKARTA,JAKARTA BARAT,TAMBORA,JEMBATAN LIMA,307,0,33,0,274,0,0,0,0,0,1,0,0,1,294,26,268,6,0,0,6,189,1,173,4,11,
3173081005,DKI JAKARTA,JAKARTA BARAT,KEMBANGAN,JOGLO,733,6,45,4,678,1,0,0,0,1,5,0,0,5,1065,99,966,15,0,0,15,351,16,313,5,17,
3171081001,DKI JAKARTA,JAKARTA PUSAT,JOHAR BARU,JOHAR BARU,925,4,32,3,886,10,3,0,0,7,14,0,0,14,2423,164,2259,109,0,0,109,702,3,637,19,43,
3173041002,DKI JAKARTA,JAKARTA BARAT,TAMBORA,KALI ANYAR,514,5,40,0,469,2,0,0,0,2,4,0,0,4,438,21,417,14,0,0,14,243,4,222,8,9,
3172041004,DKI JAKARTA,JAKARTA UTARA,CILINCING,KALI BARU,796,14,69,5,708,0,0,0,0,0,5,0,0,5,848,49,799,49,0,0,49,381,1,364,9,7,
3174081002,DKI JAKARTA,JAKARTA SELATAN,PANCORAN,KALIBATA,848,3,54,4,787,7,0,0,0,7,13,0,0,13,1346,165,1181,15,0,0,15,479,11,418,9,41,
3173061001,DKI JAKARTA,JAKARTA BARAT,KALI DERES,KALIDERES,1674,1,107,4,1562,1,0,0,0,1,7,0,0,7,2937,189,2748,32,0,0,32,786,12,687,16,71,
3175051004,DKI JAKARTA,JAKARTA TIMUR,PASAR REBO,KALISARI,1383,5,112,0,1266,0,0,0,0,0,3,0,0,3,799,74,725,15,0,0,15,416,6,362,8,40,
3173061004,DKI JAKARTA,JAKARTA BARAT,KALI DERES,KAMAL,493,2,39,3,449,0,0,0,0,0,2,0,1,1,836,132,704,6,0,0,6,190,6,139,10,35,
3172011002,DKI JAKARTA,JAKARTA UTARA,PENJARINGAN,KAMAL MUARA,152,1,7,0,144,0,0,0,0,0,4,0,0,4,306,26,280,2,0,0,2,123,2,111,2,8,
3171071007,DKI JAKARTA,JAKARTA PUSAT,TANAH ABANG,KAMPUNG BALI,188,2,9,2,175,1,0,0,0,1,2,0,0,2,431,50,381,2,0,0,2,108,2,96,5,5,
3175031001,DKI JAKARTA,JAKARTA TIMUR,JATINEGARA,KAMPUNG MELAYU,382,0,29,5,348,2,0,0,0,2,7,0,0,7,511,54,457,10,0,0,10,331,3,314,6,8,
3171081002,DKI JAKARTA,JAKARTA PUSAT,JOHAR BARU,KAMPUNG RAWA,404,2,13,0,389,3,0,0,0,3,3,0,0,3,978,59,919,67,0,0,67,335,1,299,14,21,
3175041002,DKI JAKARTA,JAKARTA TIMUR,KRAMAT JATI,KAMPUNG TENGAH,780,2,58,1,719,7,2,0,0,5,10,0,1,9,1666,143,1523,54,0,0,54,420,4,374,15,27,
3173011005,DKI JAKARTA,JAKARTA BARAT,CENGKARENG,KAPUK,1333,11,121,16,1185,2,0,0,0,2,12,0,0,12,2191,152,2039,15,0,0,15,1007,16,891,27,73,
3172011003,DKI JAKARTA,JAKARTA UTARA,PENJARINGAN,KAPUK MUARA,407,0,78,0,329,1,0,0,0,1,20,0,0,20,927,102,825,28,0,0,28,248,1,225,7,15,
3171021002,DKI JAKARTA,JAKARTA PUSAT,SAWAH BESAR,KARANG ANYAR,602,0,32,5,565,1,0,0,0,1,4,0,0,4,1125,60,1065,15,0,0,15,293,7,268,7,11,
3174021004,DKI JAKARTA,JAKARTA SELATAN,SETIA BUDI,KARET,188,1,22,0,165,0,0,0,0,0,11,0,0,11,579,124,455,4,0,0,4,150,3,139,1,7,
3174021003,DKI JAKARTA,JAKARTA SELATAN,SETIA BUDI,KARET KUNINGAN,440,1,51,1,387,0,0,0,0,0,23,0,0,23,717,147,570,4,0,0,4,333,3,293,7,30,
3174021002,DKI JAKARTA,JAKARTA SELATAN,SETIA BUDI,KARET SEMANGGI,94,0,8,1,85,0,0,0,0,0,4,0,0,4,122,17,105,2,0,0,2,42,1,32,2,7,
3171071003,DKI JAKARTA,JAKARTA PUSAT,TANAH ABANG,KARET TENGSIN,392,4,21,0,367,1,0,0,0,1,8,0,0,8,1085,68,1017,3,0,0,3,259,6,227,9,17,
3171021003,DKI JAKARTA,JAKARTA PUSAT,SAWAH BESAR,KARTINI,419,1,18,1,399,1,0,0,0,1,0,0,0,0,908,105,803,19,0,0,19,298,6,270,5,17,
3175011003,DKI JAKARTA,JAKARTA TIMUR,MATRAMAN,KAYU MANIS,540,5,58,0,477,3,0,0,0,3,3,0,0,3,1039,166,873,37,0,0,37,296,4,270,7,15,
3175021006,DKI JAKARTA,JAKARTA TIMUR,PULO GADUNG,KAYU PUTIH,712,5,53,4,650,1,0,0,1,0,18,0,0,18,1475,116,1359,67,0,0,67,469,8,424,12,25,
3173031006,DKI JAKARTA,JAKARTA BARAT,TAMAN SARI,KEAGUNGAN,382,0,28,0,354,0,0,0,0,0,4,0,0,4,612,31,581,11,0,0,11,221,2,213,2,4,
3174041007,DKI JAKARTA,JAKARTA SELATAN,PASAR MINGGU,KEBAGUSAN,892,6,80,1,805,3,0,0,0,3,5,0,0,5,1128,178,950,43,0,0,43,382,9,322,4,47,
3174051006,DKI JAKARTA,JAKARTA SELATAN,KEBAYORAN LAMA,KEBAYORAN LAMA SELATAN,930,8,94,0,828,6,1,0,0,5,4,0,0,4,1031,92,939,16,0,0,16,413,6,364,8,35,
3174051001,DKI JAKARTA,JAKARTA SELATAN,KEBAYORAN LAMA,KEBAYORAN LAMA UTARA,713,8,93,1,611,1,0,0,0,1,15,0,0,15,792,112,680,6,0,0,6,355,6,311,6,32,
3174011004,DKI JAKARTA,JAKARTA SELATAN,TEBET,KEBON BARU,558,4,31,2,521,0,0,0,0,0,15,0,0,15,926,66,860,22,0,0,22,303,8,269,8,18,
3172021005,DKI JAKARTA,JAKARTA UTARA,TANJUNG PRIOK,KEBON BAWANG,1019,10,70,1,938,0,0,0,0,0,16,0,0,16,1742,190,1552,110,0,0,110,557,9,500,4,44,
3173051001,DKI JAKARTA,JAKARTA BARAT,KEBON JERUK,KEBON JERUK,1265,3,108,6,1148,2,0,0,0,2,15,0,0,15,2869,347,2522,64,0,0,64,841,20,740,22,59,
3171071006,DKI JAKARTA,JAKARTA PUSAT,TANAH ABANG,KEBON KACANG,543,1,16,1,525,1,0,0,0,1,1,0,0,1,738,50,688,8,0,0,8,344,2,317,13,12,
3171011005,DKI JAKARTA,JAKARTA PUSAT,GAMBIR,KEBON KELAPA,204,2,20,1,181,3,0,0,0,3,4,0,0,4,436,75,361,3,0,0,3,155,2,110,1,42,
3171031002,DKI JAKARTA,JAKARTA PUSAT,KEMAYORAN,KEBON KOSONG,556,3,83,5,465,1,0,0,0,1,9,0,0,9,1431,537,894,36,0,0,36,345,13,305,7,20,
3175011005,DKI JAKARTA,JAKARTA TIMUR,MATRAMAN,KEBON MANGGIS,318,0,44,4,270,0,0,0,0,0,2,0,0,2,462,89,373,26,0,0,26,204,5,184,3,12,
3171071005,DKI JAKARTA,JAKARTA PUSAT,TANAH ABANG,KEBON MELATI,623,3,13,3,604,3,2,0,0,1,5,0,0,5,1219,113,1106,10,0,0,10,543,4,499,9,31,
3175081003,DKI JAKARTA,JAKARTA TIMUR,MAKASAR,KEBON PALA,575,3,31,1,540,1,0,0,0,1,6,0,0,6,1399,172,1227,20,0,0,20,495,9,437,11,38,
3171061005,DKI JAKARTA,JAKARTA PUSAT,MENTENG,KEBON SIRIH,229,3,16,2,208,0,0,0,0,0,4,0,0,4,391,31,360,21,0,0,21,173,0,158,2,13,
3173011004,DKI JAKARTA,JAKARTA BARAT,CENGKARENG,KEDAUNG KALI ANGKE,670,4,38,0,628,1,0,0,0,1,1,0,0,1,874,51,823,7,0,0,7,453,8,415,8,22,
3173051007,DKI JAKARTA,JAKARTA BARAT,KEBON JERUK,KEDOYA SELATAN,667,7,61,5,594,2,0,0,0,2,8,0,0,8,1021,89,932,23,0,0,23,325,10,277,9,29,
3173051006,DKI JAKARTA,JAKARTA BARAT,KEBON JERUK,KEDOYA UTARA,704,8,70,2,624,1,0,0,0,1,16,0,0,16,1330,102,1228,22,0,0,22,443,5,397,9,32,
3173051004,DKI JAKARTA,JAKARTA BARAT,KEBON JERUK,KELAPA DUA,490,1,51,0,438,0,0,0,0,0,6,0,0,6,985,80,905,28,0,0,28,263,1,241,3,18,
3175091003,DKI JAKARTA,JAKARTA TIMUR,CIRACAS,KELAPA DUA WETAN,950,10,109,1,830,1,0,0,0,1,10,0,0,10,1471,54,1417,39,0,0,39,349,3,310,5,31,
3172061003,DKI JAKARTA,JAKARTA UTARA,KELAPA GADING,KELAPA GADING BARAT,1321,4,102,3,1212,4,1,0,0,3,52,0,0,52,1719,148,1571,283,0,0,283,568,10,523,8,27,
3172061001,DKI JAKARTA,JAKARTA UTARA,KELAPA GADING,KELAPA GADING TIMUR,1057,8,91,2,956,3,0,0,0,3,24,0,0,24,1776,255,1521,154,0,0,154,484,9,421,10,44,
3173071005,DKI JAKARTA,JAKARTA BARAT,PALMERAH,KEMANGGISAN,900,2,74,6,818,0,0,0,0,0,11,0,1,10,1242,106,1136,55,0,0,55,456,20,402,11,23,
3171031001,DKI JAKARTA,JAKARTA PUSAT,KEMAYORAN,KEMAYORAN,536,2,35,3,496,2,0,0,0,2,3,0,0,3,1254,229,1025,27,0,0,27,428,21,382,10,15,
3173081006,DKI JAKARTA,JAKARTA BARAT,KEMBANGAN,KEMBANGAN SELATAN,498,2,32,1,463,0,0,0,0,0,8,0,0,8,1015,130,885,54,0,0,54,288,6,256,7,19,
3173081001,DKI JAKARTA,JAKARTA BARAT,KEMBANGAN,KEMBANGAN UTARA,909,3,66,3,837,4,0,0,1,3,3,0,0,3,2172,152,2020,11,0,0,11,478,14,410,10,44,
3171041002,DKI JAKARTA,JAKARTA PUSAT,SENEN,KENARI,304,1,13,1,289,1,0,0,0,1,8,0,0,8,727,69,658,46,0,0,46,221,2,207,3,9,
3173041005,DKI JAKARTA,JAKARTA BARAT,TAMBORA,KERENDANG,329,2,11,2,314,1,0,0,0,1,0,0,0,0,301,22,279,9,0,0,9,179,2,160,8,9,
3175071003,DKI JAKARTA,JAKARTA TIMUR,DUREN SAWIT,KLENDER,844,5,32,2,805,4,0,0,0,4,6,0,0,6,1555,139,1416,42,0,0,42,684,13,603,21,47,
3172031001,DKI JAKARTA,JAKARTA UTARA,KOJA,KOJA,478,4,45,0,429,0,0,0,0,0,4,0,0,4,907,241,666,60,0,0,60,437,4,408,9,16,
3173071006,DKI JAKARTA,JAKARTA BARAT,PALMERAH,KOTA BAMBU SELATAN,649,0,22,5,622,0,0,0,0,0,1,0,0,1,1065,42,1023,73,0,0,73,334,1,316,6,11,
3173071003,DKI JAKARTA,JAKARTA BARAT,PALMERAH,KOTA BAMBU UTARA,565,2,46,11,506,3,0,0,0,3,3,0,0,3,990,224,766,54,0,0,54,309,4,286,9,10,
3171041004,DKI JAKARTA,JAKARTA PUSAT,SENEN,KRAMAT,573,2,24,6,541,0,0,0,0,0,10,0,0,10,1241,90,1151,37,0,0,37,371,4,344,11,12,
3175041001,DKI JAKARTA,JAKARTA TIMUR,KRAMAT JATI,KRAMAT JATI,651,6,69,1,575,1,0,0,0,1,13,0,0,13,1338,147,1191,25,0,0,25,539,10,482,16,31,
3174071003,DKI JAKARTA,JAKARTA SELATAN,KEBAYORAN BARU,KRAMAT PELA,366,2,31,0,333,0,0,0,0,0,1,0,0,1,597,25,572,8,0,0,8,193,1,181,3,8,
3173031002,DKI JAKARTA,JAKARTA BARAT,TAMAN SARI,KRUKUT,397,1,24,6,366,2,0,0,0,2,4,0,0,4,602,44,558,13,0,0,13,246,4,230,4,8,
3174031005,DKI JAKARTA,JAKARTA SELATAN,MAMPANG PRAPATAN,KUNINGAN BARAT,197,1,17,1,178,1,0,0,0,1,0,0,0,0,616,46,570,5,0,0,5,201,0,173,2,26,
3174021008,DKI JAKARTA,JAKARTA SELATAN,SETIA BUDI,KUNINGAN TIMUR,451,2,68,1,380,1,0,0,0,1,20,0,0,20,368,46,322,11,0,0,11,201,6,176,3,16,
3171041005,DKI JAKARTA,JAKARTA PUSAT,SENEN,KWITANG,309,2,20,0,287,3,0,0,0,3,7,0,0,7,683,100,583,11,0,0,11,166,2,144,6,14,
3172031003,DKI JAKARTA,JAKARTA UTARA,KOJA,LAGOA,948,7,94,1,846,1,0,0,0,1,6,0,0,6,1004,57,947,90,0,0,90,785,4,734,17,30,
3174061002,DKI JAKARTA,JAKARTA SELATAN,CILANDAK,LEBAK BULUS,708,5,89,2,612,3,0,0,0,3,27,0,0,27,1538,112,1426,22,0,0,22,576,6,531,12,27,
3174091004,DKI JAKARTA,JAKARTA SELATAN,JAGAKARSA,LENTENG AGUNG,1072,8,51,0,1013,5,0,0,0,5,7,0,0,7,1252,168,1084,16,0,0,16,414,1,381,4,28,
LUAR DKI JAKARTA,LUAR DKI JAKARTA,LUAR DKI JAKARTA,LUAR DKI JAKARTA,LUAR DKI JAKARTA,65953,329,5081,98,60445,114,8,0,0,106,751,0,15,736,103425,10778,92647,3518,0,0,3518,10161,243,9411,146,361,
3175101007,DKI JAKARTA,JAKARTA TIMUR,CIPAYUNG,LUBANG BUAYA,1394,4,99,3,1288,6,3,0,0,3,10,0,0,10,1358,89,1269,37,0,0,37,564,14,510,3,37,
3175081001,DKI JAKARTA,JAKARTA TIMUR,MAKASAR,MAKASAR,647,2,25,1,619,1,1,0,0,0,8,0,0,8,1722,153,1569,26,0,0,26,458,14,415,8,21,
3175071006,DKI JAKARTA,JAKARTA TIMUR,DUREN SAWIT,MALAKA JAYA,452,1,27,2,422,2,1,0,0,1,3,0,0,3,913,80,833,17,0,0,17,348,9,309,4,26,
3175071005,DKI JAKARTA,JAKARTA TIMUR,DUREN SAWIT,MALAKA SARI,414,3,19,1,391,0,0,0,0,0,2,0,1,1,822,67,755,16,0,0,16,308,2,267,4,35,
3174031001,DKI JAKARTA,JAKARTA SELATAN,MAMPANG PRAPATAN,MAMPANG PRAPATAN,447,3,28,2,414,2,0,0,0,2,1,0,0,1,1393,100,1293,10,0,0,10,417,5,381,11,20,
3173031005,DKI JAKARTA,JAKARTA BARAT,TAMAN SARI,MANGGA BESAR,200,0,16,1,183,1,0,0,0,1,0,0,0,0,251,23,228,6,0,0,6,102,2,83,4,13,
3171021005,DKI JAKARTA,JAKARTA PUSAT,SAWAH BESAR,MANGGA DUA SELATAN,529,4,25,1,499,3,0,0,0,3,1,0,0,1,1048,83,965,20,0,0,20,308,9,283,8,8,
3174011007,DKI JAKARTA,JAKARTA SELATAN,TEBET,MANGGARAI,579,3,39,0,537,4,0,0,0,4,6,0,1,5,801,68,733,28,0,0,28,332,2,306,2,22,
3174011006,DKI JAKARTA,JAKARTA SELATAN,TEBET,MANGGARAI SELATAN,407,3,23,2,379,0,0,0,0,0,6,0,0,6,683,61,622,24,0,0,24,234,7,194,10,23,
3173031003,DKI JAKARTA,JAKARTA BARAT,TAMAN SARI,MAPHAR,318,3,23,1,291,0,0,0,0,0,6,0,0,6,507,28,479,41,0,0,41,247,2,236,3,6,
3172041003,DKI JAKARTA,JAKARTA UTARA,CILINCING,MARUNDA,429,10,40,0,379,5,1,0,0,4,0,0,0,0,435,19,416,19,0,0,19,176,0,156,1,19,
3174071001,DKI JAKARTA,JAKARTA SELATAN,KEBAYORAN BARU,MELAWAI,123,1,10,0,112,0,0,0,0,0,1,0,0,1,137,12,125,1,0,0,1,28,2,23,1,2,
3171061001,DKI JAKARTA,JAKARTA PUSAT,MENTENG,MENTENG,659,6,48,2,603,3,1,0,0,2,5,0,0,5,1183,131,1052,27,0,0,27,362,8,327,11,16,
3174021005,DKI JAKARTA,JAKARTA SELATAN,SETIA BUDI,MENTENG ATAS,568,10,42,3,513,2,0,0,0,2,55,0,0,55,1872,140,1732,41,0,0,41,397,2,376,9,10,
3174011003,DKI JAKARTA,JAKARTA SELATAN,TEBET,MENTENG DALAM,812,4,41,4,763,4,0,0,0,4,13,0,0,13,1066,90,976,48,0,0,48,384,10,342,10,22,
3173081003,DKI JAKARTA,JAKARTA BARAT,KEMBANGAN,MERUYA SELATAN,637,1,55,1,580,1,0,0,0,1,5,0,0,5,1160,162,998,17,0,0,17,355,4,327,4,20,
3173081002,DKI JAKARTA,JAKARTA BARAT,KEMBANGAN,MERUYA UTARA,872,4,66,6,796,1,0,0,1,0,8,0,0,8,1395,141,1254,13,0,0,13,450,12,403,4,31,
3175101004,DKI JAKARTA,JAKARTA TIMUR,CIPAYUNG,MUNJUL,680,2,48,0,630,1,1,0,0,0,15,0,0,15,736,77,659,27,0,0,27,202,14,158,1,29,
3172051002,DKI JAKARTA,JAKARTA UTARA,PADEMANGAN,PADEMANGAN BARAT,2275,7,114,5,2149,5,0,0,0,5,21,0,2,19,3028,165,2863,38,0,0,38,935,8,862,25,40,
3172051001,DKI JAKARTA,JAKARTA UTARA,PADEMANGAN,PADEMANGAN TIMUR,1005,2,170,3,830,2,0,0,0,2,41,0,7,34,1330,177,1153,27,0,0,27,387,4,354,6,23,
3175011004,DKI JAKARTA,JAKARTA TIMUR,MATRAMAN,PAL MERIAM,510,5,159,2,344,2,0,0,0,2,4,0,0,4,861,59,802,66,0,0,66,282,1,268,7,6,
3173071001,DKI JAKARTA,JAKARTA BARAT,PALMERAH,PALMERAH,1925,2,170,2,1751,0,0,0,0,0,3,0,1,2,2535,177,2358,89,0,0,89,815,28,701,28,58,
3174081001,DKI JAKARTA,JAKARTA SELATAN,PANCORAN,PANCORAN,592,2,29,0,561,1,0,0,0,1,9,0,0,9,844,70,774,7,0,0,7,339,4,313,6,16,
3172021003,DKI JAKARTA,JAKARTA UTARA,TANJUNG PRIOK,PAPANGGO,696,4,71,0,621,1,0,0,0,1,9,0,0,9,1120,92,1028,74,0,0,74,360,1,339,3,17,
3171021001,DKI JAKARTA,JAKARTA PUSAT,SAWAH BESAR,PASAR BARU,315,2,20,2,291,2,0,0,0,2,9,0,0,9,689,63,626,13,0,0,13,218,1,206,4,7,
3174021006,DKI JAKARTA,JAKARTA SELATAN,SETIA BUDI,PASAR MANGGIS,367,3,29,3,332,4,0,0,0,4,30,0,0,30,1221,78,1143,19,0,0,19,351,5,315,12,19,
3174041001,DKI JAKARTA,JAKARTA SELATAN,PASAR MINGGU,PASAR MINGGU,928,8,187,1,732,3,0,0,0,3,7,0,0,7,921,119,802,25,0,0,25,365,8,291,8,58,
3171041003,DKI JAKARTA,JAKARTA PUSAT,SENEN,PASEBAN,706,2,24,1,679,4,0,0,0,4,28,0,0,28,1464,112,1352,64,0,0,64,456,8,415,10,23,
3173061005,DKI JAKARTA,JAKARTA BARAT,KALI DERES,PEGADUNGAN,1070,4,72,7,987,1,0,0,0,1,10,0,0,10,1948,123,1825,20,0,0,20,453,8,400,10,35,
3171061002,DKI JAKARTA,JAKARTA PUSAT,MENTENG,PEGANGSAAN,517,2,36,2,477,3,0,0,0,3,4,0,0,4,1112,86,1026,54,0,0,54,439,6,408,7,18,
3172061002,DKI JAKARTA,JAKARTA UTARA,KELAPA GADING,PEGANGSAAN DUA,1297,4,107,1,1185,2,0,0,0,2,47,0,0,47,2427,190,2237,240,0,0,240,641,7,596,13,25,
3172011004,DKI JAKARTA,JAKARTA UTARA,PENJARINGAN,PEJAGALAN,852,5,57,2,788,4,0,0,0,4,11,0,0,11,1420,122,1298,36,0,0,36,491,4,449,7,31,
3174041006,DKI JAKARTA,JAKARTA SELATAN,PASAR MINGGU,PEJATEN BARAT,890,5,202,2,681,8,0,0,0,8,2,0,0,2,1248,240,1008,76,0,0,76,445,5,378,7,55,
3174041005,DKI JAKARTA,JAKARTA SELATAN,PASAR MINGGU,PEJATEN TIMUR,792,6,91,1,694,4,0,0,0,4,3,0,0,3,1159,211,948,42,0,0,42,429,12,363,14,40,
3175051005,DKI JAKARTA,JAKARTA TIMUR,PASAR REBO,PEKAYON,1187,6,67,1,1113,2,0,0,0,2,3,0,0,3,581,50,531,16,0,0,16,338,1,311,6,20,
3173041009,DKI JAKARTA,JAKARTA BARAT,TAMBORA,PEKOJAN,416,1,34,2,379,0,0,0,0,0,3,0,0,3,361,20,341,18,0,0,18,183,3,165,5,10,
3174031003,DKI JAKARTA,JAKARTA SELATAN,MAMPANG PRAPATAN,PELA MAMPANG,594,4,41,2,547,4,0,0,0,4,15,0,0,15,2004,138,1866,6,0,0,6,547,14,490,8,35,
3174081005,DKI JAKARTA,JAKARTA SELATAN,PANCORAN,PENGADEGAN,347,2,38,2,305,0,0,0,0,0,9,0,0,9,735,83,652,12,0,0,12,178,2,160,1,15,
3175061003,DKI JAKARTA,JAKARTA TIMUR,CAKUNG,PENGGILINGAN,1250,6,173,1,1070,3,0,0,0,3,13,0,1,12,2605,235,2370,90,0,0,90,868,18,770,14,66,
3172011001,DKI JAKARTA,JAKARTA UTARA,PENJARINGAN,PENJARINGAN,1659,8,122,4,1525,4,0,0,0,4,24,0,0,24,3607,165,3442,123,0,0,123,896,3,837,18,38,
3174101001,DKI JAKARTA,JAKARTA SELATAN,PESANGGRAHAN,PESANGGRAHAN,692,6,52,4,630,2,0,0,1,1,1,0,0,1,1347,140,1207,20,0,0,20,254,3,227,4,20,
3171071004,DKI JAKARTA,JAKARTA PUSAT,TANAH ABANG,PETAMBURAN,745,6,33,7,699,0,0,0,0,0,7,0,0,7,1274,175,1099,16,0,0,16,564,13,483,13,55,
3174071008,DKI JAKARTA,JAKARTA SELATAN,KEBAYORAN BARU,PETOGOGAN,372,2,36,0,334,0,0,0,0,0,3,0,0,3,392,26,366,3,0,0,3,168,2,147,0,19,
3171011004,DKI JAKARTA,JAKARTA PUSAT,GAMBIR,PETOJO SELATAN,458,4,30,1,423,0,0,0,0,0,28,0,0,28,996,63,933,17,0,0,17,343,7,315,9,12,
3171011003,DKI JAKARTA,JAKARTA PUSAT,GAMBIR,PETOJO UTARA,287,2,10,3,272,1,0,0,0,1,14,0,0,14,658,98,560,26,0,0,26,191,2,182,3,4,
3174101004,DKI JAKARTA,JAKARTA SELATAN,PESANGGRAHAN,PETUKANGAN SELATAN,707,5,62,2,638,1,0,0,0,1,2,0,0,2,1251,112,1139,11,0,0,11,321,3,293,5,20,
3174101003,DKI JAKARTA,JAKARTA SELATAN,PESANGGRAHAN,PETUKANGAN UTARA,791,3,55,4,729,6,0,0,0,6,6,0,0,6,2086,136,1950,12,0,0,12,462,5,426,2,29,
3175081002,DKI JAKARTA,JAKARTA TIMUR,MAKASAR,PINANG RANTI,431,2,23,1,405,4,3,0,0,1,2,0,0,2,957,61,896,31,0,0,31,268,7,238,6,17,
3173031008,DKI JAKARTA,JAKARTA BARAT,TAMAN SARI,PINANGSIA,209,2,17,1,189,0,0,0,0,0,2,0,0,2,311,11,300,4,0,0,4,140,0,136,0,4,
3175011001,DKI JAKARTA,JAKARTA TIMUR,MATRAMAN,PISANGAN BARU,512,2,34,3,473,2,0,0,0,2,5,0,0,5,834,71,763,35,0,0,35,311,3,268,11,29,
3175021002,DKI JAKARTA,JAKARTA TIMUR,PULO GADUNG,PISANGAN TIMUR,526,4,36,4,482,1,0,0,0,1,10,0,0,10,1601,121,1480,35,0,0,35,379,9,335,5,30,
3172011005,DKI JAKARTA,JAKARTA UTARA,PENJARINGAN,PLUIT,803,0,101,4,698,0,0,0,0,0,14,0,0,14,1794,152,1642,22,0,0,22,425,17,383,9,16,
3175071002,DKI JAKARTA,JAKARTA TIMUR,DUREN SAWIT,PONDOK BAMBU,1306,10,51,1,1244,6,0,0,0,6,3,0,0,3,1762,184,1578,43,0,0,43,656,9,577,14,56,
3175071004,DKI JAKARTA,JAKARTA TIMUR,DUREN SAWIT,PONDOK KELAPA,1016,9,60,0,947,2,0,0,0,2,13,0,0,13,1890,226,1664,37,0,0,37,641,17,555,16,53,
3175071007,DKI JAKARTA,JAKARTA TIMUR,DUREN SAWIT,PONDOK KOPI,615,7,29,1,578,1,0,0,0,1,3,0,1,2,771,82,689,18,0,0,18,337,1,303,13,20,
3174061003,DKI JAKARTA,JAKARTA SELATAN,CILANDAK,PONDOK LABU,849,6,50,1,792,6,0,0,0,6,74,0,0,74,1670,132,1538,37,0,0,37,359,7,322,4,26,
3174051002,DKI JAKARTA,JAKARTA SELATAN,KEBAYORAN LAMA,PONDOK PINANG,1061,6,133,4,918,0,0,0,0,0,45,0,0,45,1285,120,1165,12,0,0,12,552,6,489,12,45,
3175101003,DKI JAKARTA,JAKARTA TIMUR,CIPAYUNG,PONDOK RANGGON,524,3,39,3,479,1,0,0,0,1,3,0,0,3,815,94,721,24,0,0,24,279,3,247,1,28,
PROSES UPDATE DATA,PROSES UPDATE DATA,PROSES UPDATE DATA,PROSES UPDATE DATA,PROSES UPDATE DATA,19891,24,347,1696,17824,4464,3,0,4440,21,124,0,2,122,47378,1421,45957,597,0,1,596,29268,420,27362,515,971,
3101011003,DKI JAKARTA,KAB.ADM.KEP.SERIBU,KEP. SERIBU UTARA,PULAU HARAPAN,71,0,0,0,71,0,0,0,0,0,0,0,0,0,99,6,93,0,0,0,0,6,0,6,0,0,
3101011002,DKI JAKARTA,KAB.ADM.KEP.SERIBU,KEP. SERIBU UTARA,PULAU KELAPA,94,0,0,1,93,0,0,0,0,0,3,0,0,3,236,6,230,1,0,0,1,20,0,19,0,1,
3101011001,DKI JAKARTA,KAB.ADM.KEP.SERIBU,KEP. SERIBU UTARA,PULAU PANGGANG,216,0,16,1,199,0,0,0,0,0,0,0,0,0,205,17,188,4,0,0,4,31,0,30,0,1,
3101021003,DKI JAKARTA,KAB.ADM.KEP.SERIBU,KEP. SERIBU SELATAN,PULAU PARI,15,0,1,0,14,0,0,0,0,0,0,0,0,0,227,8,219,1,0,0,1,7,0,7,0,0,
3101021002,DKI JAKARTA,KAB.ADM.KEP.SERIBU,KEP. SERIBU SELATAN,PULAU TIDUNG,47,0,1,0,46,1,0,0,1,0,1,0,0,1,446,28,418,1,0,0,1,39,0,38,0,1,
3101021001,DKI JAKARTA,KAB.ADM.KEP.SERIBU,KEP. SERIBU SELATAN,PULAU UNTUNG JAWA,26,0,0,0,26,0,0,0,0,0,1,0,0,1,118,2,116,0,0,0,0,5,0,5,0,0,
3174071007,DKI JAKARTA,JAKARTA SELATAN,KEBAYORAN BARU,PULO,378,0,29,1,348,1,0,0,0,1,1,0,0,1,305,41,264,0,0,0,0,87,1,76,0,10,
3175021001,DKI JAKARTA,JAKARTA TIMUR,PULO GADUNG,PULO GADUNG,629,3,39,2,585,0,0,0,0,0,12,0,0,12,1247,105,1142,50,0,0,50,355,4,330,9,12,
3175061005,DKI JAKARTA,JAKARTA TIMUR,CAKUNG,PULO GEBANG,1136,12,234,2,888,1,0,0,0,1,9,0,0,9,2306,417,1889,79,0,0,79,690,8,607,13,62,
3174041004,DKI JAKARTA,JAKARTA SELATAN,PASAR MINGGU,RAGUNAN,1377,4,176,2,1195,1,0,0,0,1,2,0,0,2,1111,98,1013,25,0,0,25,409,11,349,9,40,
3175091005,DKI JAKARTA,JAKARTA TIMUR,CIRACAS,RAMBUTAN,800,10,106,1,683,2,0,0,0,2,12,0,0,12,991,34,957,30,0,0,30,346,8,297,5,36,
3172031006,DKI JAKARTA,JAKARTA UTARA,KOJA,RAWA BADAK SELATAN,758,7,74,2,675,3,1,0,0,2,2,0,0,2,811,81,730,66,0,0,66,475,0,418,5,52,
3172031004,DKI JAKARTA,JAKARTA UTARA,KOJA,RAWA BADAK UTARA,771,1,129,1,640,0,0,0,0,0,4,0,0,4,785,52,733,104,0,0,104,355,6,320,5,24,
3174071005,DKI JAKARTA,JAKARTA SELATAN,KEBAYORAN BARU,RAWA BARAT,187,2,20,2,163,0,0,0,0,0,2,0,0,2,226,10,216,1,0,0,1,81,4,69,1,7,
3173011003,DKI JAKARTA,JAKARTA BARAT,CENGKARENG,RAWA BUAYA,693,4,67,2,620,1,0,0,0,1,6,0,0,6,1262,75,1187,8,0,0,8,490,7,440,14,29,
3175031004,DKI JAKARTA,JAKARTA TIMUR,JATINEGARA,RAWA BUNGA,235,0,14,1,220,0,0,0,0,0,2,0,0,2,430,42,388,19,0,0,19,196,6,181,4,5,
3174081003,DKI JAKARTA,JAKARTA SELATAN,PANCORAN,RAWA JATI,476,2,45,0,429,2,0,0,0,2,12,0,0,12,877,92,785,8,0,0,8,198,7,172,1,18,
3175061002,DKI JAKARTA,JAKARTA TIMUR,CAKUNG,RAWA TERATE,232,3,20,0,209,1,1,0,0,0,2,0,0,2,580,64,516,12,0,0,12,242,3,222,1,16,
3175021005,DKI JAKARTA,JAKARTA TIMUR,PULO GADUNG,RAWAMANGUN,647,6,129,0,512,1,0,0,0,1,11,0,0,11,1320,109,1211,45,0,0,45,432,10,387,9,26,
3171051003,DKI JAKARTA,JAKARTA PUSAT,CEMPAKA PUTIH,RAWASARI,1108,2,139,2,965,8,1,0,1,6,12,0,1,11,1818,166,1652,40,0,0,40,535,1,509,9,16,
3173041010,DKI JAKARTA,JAKARTA BARAT,TAMBORA,ROA MALAKA,56,0,5,0,51,1,0,0,0,1,0,0,0,0,96,15,81,2,0,0,2,21,0,20,0,1,
3172041006,DKI JAKARTA,JAKARTA UTARA,CILINCING,ROROTAN,668,5,89,2,572,0,0,0,0,0,5,0,0,5,814,66,748,87,0,0,87,298,4,262,2,30,
3174071004,DKI JAKARTA,JAKARTA SELATAN,KEBAYORAN BARU,SELONG,139,0,22,0,117,0,0,0,0,0,3,0,0,3,198,25,173,3,0,0,3,40,2,36,1,1,
3173061002,DKI JAKARTA,JAKARTA BARAT,KALI DERES,SEMANAN,883,5,67,3,808,1,0,0,0,1,4,0,0,4,1546,105,1441,9,0,0,9,388,2,352,5,29,
3172041007,DKI JAKARTA,JAKARTA UTARA,CILINCING,SEMPER BARAT,1238,10,143,1,1084,3,0,0,0,3,12,0,0,12,1564,115,1449,133,0,0,133,658,8,602,12,36,
3172041005,DKI JAKARTA,JAKARTA UTARA,CILINCING,SEMPER TIMUR,672,9,62,1,600,1,0,0,0,1,5,0,0,5,912,46,866,61,0,0,61,332,1,308,6,17,
3174071006,DKI JAKARTA,JAKARTA SELATAN,KEBAYORAN BARU,SENAYAN,632,1,87,0,544,0,0,0,0,0,10,0,0,10,854,81,773,0,0,0,0,234,0,228,0,6,
3171041001,DKI JAKARTA,JAKARTA PUSAT,SENEN,SENEN,272,0,12,0,260,2,1,0,0,1,9,0,0,9,1096,219,877,26,0,0,26,191,1,173,4,13,
3171031004,DKI JAKARTA,JAKARTA PUSAT,KEMAYORAN,SERDANG,695,4,83,2,606,0,0,0,0,0,5,0,0,5,1035,69,966,33,0,0,33,393,2,352,12,27,
3174021001,DKI JAKARTA,JAKARTA SELATAN,SETIA BUDI,SETIA BUDI,150,2,10,0,138,0,0,0,0,0,4,0,0,4,450,34,416,6,0,0,6,74,4,60,1,9,
3175101005,DKI JAKARTA,JAKARTA TIMUR,CIPAYUNG,SETU,461,2,17,0,442,3,1,0,0,2,2,0,0,2,726,57,669,14,0,0,14,194,8,171,2,13,
3173071002,DKI JAKARTA,JAKARTA BARAT,PALMERAH,SLIPI,838,1,126,2,709,1,0,0,0,1,2,0,0,2,1340,75,1265,47,0,0,47,420,6,382,4,28,
3173081004,DKI JAKARTA,JAKARTA BARAT,KEMBANGAN,SRENGSENG,868,4,51,3,810,1,0,0,0,1,7,0,1,6,1833,141,1692,28,0,0,28,479,3,433,6,37,
3174091002,DKI JAKARTA,JAKARTA SELATAN,JAGAKARSA,SRENGSENG SAWAH,1189,3,87,0,1099,8,0,0,0,8,11,0,0,11,1485,154,1331,30,0,0,30,406,7,298,9,92,
3173051003,DKI JAKARTA,JAKARTA BARAT,KEBON JERUK,SUKABUMI SELATAN,495,2,42,4,447,1,0,0,0,1,1,0,0,1,976,84,892,25,0,0,25,308,6,279,7,16,
3173051002,DKI JAKARTA,JAKARTA BARAT,KEBON JERUK,SUKABUMI UTARA,635,1,55,3,576,1,0,0,0,1,21,0,0,21,1199,118,1081,49,0,0,49,403,6,360,11,26,
3172041002,DKI JAKARTA,JAKARTA UTARA,CILINCING,SUKAPURA,916,2,89,2,823,0,0,0,0,0,6,0,0,6,1408,191,1217,120,0,0,120,512,4,464,9,35,
3171031007,DKI JAKARTA,JAKARTA PUSAT,KEMAYORAN,SUMUR BATU,620,9,90,1,520,2,0,0,0,2,7,0,1,6,831,78,753,34,0,0,34,305,3,270,5,27,
3172021004,DKI JAKARTA,JAKARTA UTARA,TANJUNG PRIOK,SUNGAI BAMBU,594,0,54,0,540,0,0,0,0,0,7,0,0,7,880,70,810,53,0,0,53,300,2,270,6,22,
3172021006,DKI JAKARTA,JAKARTA UTARA,TANJUNG PRIOK,SUNTER AGUNG,1736,4,152,1,1579,6,0,0,0,6,26,0,1,25,2884,265,2619,117,0,0,117,876,14,810,22,30,
3172021002,DKI JAKARTA,JAKARTA UTARA,TANJUNG PRIOK,SUNTER JAYA,1343,6,123,6,1208,2,0,0,0,2,12,0,0,12,2394,252,2142,203,0,0,203,804,17,742,19,26,
3175091004,DKI JAKARTA,JAKARTA TIMUR,CIRACAS,SUSUKAN,842,4,112,1,725,1,0,0,0,1,18,0,0,18,1644,29,1615,73,0,0,73,275,4,247,8,16,
3173031001,DKI JAKARTA,JAKARTA BARAT,TAMAN SARI,TAMAN SARI,366,2,23,0,341,2,0,0,0,2,1,0,0,1,609,87,522,17,0,0,17,249,2,229,7,11,
3173041001,DKI JAKARTA,JAKARTA BARAT,TAMBORA,TAMBORA,286,1,20,3,262,3,0,0,0,3,2,0,0,2,383,19,364,4,0,0,4,140,3,126,3,8,
3173041004,DKI JAKARTA,JAKARTA BARAT,TAMBORA,TANAH SEREAL,407,2,19,2,384,1,0,0,0,1,4,0,0,4,398,31,367,7,0,0,7,221,2,202,7,10,
3171081004,DKI JAKARTA,JAKARTA PUSAT,JOHAR BARU,TANAH TINGGI,642,2,39,3,598,5,0,0,0,5,7,0,0,7,1368,84,1284,39,0,0,39,474,5,436,16,17,
3173031004,DKI JAKARTA,JAKARTA BARAT,TAMAN SARI,TANGKI,310,0,15,1,294,2,0,0,0,2,5,0,0,5,416,29,387,4,0,0,4,181,2,167,1,11,
3174091005,DKI JAKARTA,JAKARTA SELATAN,JAGAKARSA,TANJUNG BARAT,928,4,50,1,873,1,0,0,0,1,2,0,0,2,936,116,820,13,0,0,13,388,8,349,7,24,
3173021005,DKI JAKARTA,JAKARTA BARAT,GROGOL PETAMBURAN,TANJUNG DUREN SELATAN,616,3,64,1,548,1,0,0,0,1,19,0,0,19,981,111,870,25,0,0,25,438,5,384,12,37,
3173021002,DKI JAKARTA,JAKARTA BARAT,GROGOL PETAMBURAN,TANJUNG DUREN UTARA,403,0,32,0,371,2,0,0,0,2,22,0,0,22,843,72,771,22,0,0,22,246,4,216,9,17,
3172021001,DKI JAKARTA,JAKARTA UTARA,TANJUNG PRIOK,TANJUNG PRIOK,750,5,67,6,672,2,0,0,0,2,13,0,0,13,1085,116,969,78,0,0,78,484,2,447,13,22,
3174011002,DKI JAKARTA,JAKARTA SELATAN,TEBET,TEBET BARAT,1039,3,214,0,822,2,0,0,0,2,8,0,0,8,921,78,843,26,0,0,26,586,14,468,8,96,
3174011001,DKI JAKARTA,JAKARTA SELATAN,TEBET,TEBET TIMUR,558,0,37,2,519,0,0,0,0,0,7,0,0,7,814,117,697,36,0,0,36,289,4,269,5,11,
3173061003,DKI JAKARTA,JAKARTA BARAT,KALI DERES,TEGAL ALUR,1067,11,94,6,956,0,0,0,0,0,7,0,0,7,1797,183,1614,13,0,0,13,441,8,374,10,49,
3174031004,DKI JAKARTA,JAKARTA SELATAN,MAMPANG PRAPATAN,TEGAL PARANG,465,5,24,3,433,5,0,0,1,4,4,0,0,4,1375,147,1228,12,0,0,12,424,4,382,7,31,
3173021003,DKI JAKARTA,JAKARTA BARAT,GROGOL PETAMBURAN,TOMANG,639,1,40,2,596,0,0,0,0,0,23,0,0,23,1161,143,1018,87,0,0,87,419,14,369,9,27,
3172031005,DKI JAKARTA,JAKARTA UTARA,KOJA,TUGU SELATAN,700,2,97,1,600,0,0,0,0,0,2,0,0,2,777,189,588,101,0,0,101,427,5,388,9,25,
3172031002,DKI JAKARTA,JAKARTA UTARA,KOJA,TUGU UTARA,1335,12,121,0,1202,3,0,0,0,3,11,0,1,10,1243,104,1139,125,0,0,125,601,5,541,18,37,
3175061006,DKI JAKARTA,JAKARTA TIMUR,CAKUNG,UJUNG MENTENG,289,1,42,2,244,1,0,0,0,1,1,0,0,1,716,96,620,35,0,0,35,225,3,184,3,35,
3174101005,DKI JAKARTA,JAKARTA SELATAN,PESANGGRAHAN,ULUJAMI,767,1,52,2,712,0,0,0,0,0,0,0,0,0,1616,119,1497,26,0,0,26,384,5,333,10,36,
3175011006,DKI JAKARTA,JAKARTA TIMUR,MATRAMAN,UTAN KAYU SELATAN,706,13,35,8,650,2,0,0,0,2,8,0,0,8,1408,227,1181,98,0,0,98,396,2,369,9,16,
3175011002,DKI JAKARTA,JAKARTA TIMUR,MATRAMAN,UTAN KAYU UTARA,787,5,242,0,540,4,2,0,0,2,6,0,0,6,1213,206,1007,49,0,0,49,338,1,305,14,18,
3171031008,DKI JAKARTA,JAKARTA PUSAT,KEMAYORAN,UTAN PANJANG,541,1,44,2,494,0,0,0,0,0,4,0,0,4,782,48,734,31,0,0,31,355,1,332,10,12,
3172021007,DKI JAKARTA,JAKARTA UTARA,TANJUNG PRIOK,WARAKAS,860,1,65,2,792,0,0,0,0,0,12,0,0,12,1326,160,1166,70,0,0,70,472,4,441,8,19,
3173021007,DKI JAKARTA,JAKARTA BARAT,GROGOL PETAMBURAN,WIJAYA KUSUMA,561,1,39,2,519,1,0,0,0,1,7,0,0,7,1099,65,1034,24,0,0,24,377,8,345,9,15,
